,Product Name,Prices,Description
0,HP Victus Ryzen 7 Octa Core 5800H - (16 GB/512 GB SSD/Windows 11 Home/4 GB Graphics/NVIDIA GeForce RTX...,"₹76,990",AMD Ryzen 7 Octa Core Processor16 GB DDR4 RAMWindows 11 Operating System512 GB SSD39.62 cm (15.6 Inch) Display1 Year Onsite Warranty
1,"ASUS Vivobook 16X (2023) For Creator, Intel H-Series Core i5 12450H 12th Gen - (16 GB/512 GB SSD/Windo...","₹79,990",Intel Core i5 Processor (12th Gen)16 GB DDR4 RAMWindows 11 Operating System512 GB SSD40.64 cm (16 Inch) Display1 Year Onsite Warranty
2,ASUS ROG Strix G17 (2023) with 90WHr Battery Ryzen 9 12 Core 7845HX - (16 GB/1 TB SSD/Windows 11 Home/...,"₹1,59,990",AMD Ryzen 9 12 Core Processor16 GB DDR5 RAMWindows 11 Operating System1 TB SSD43.94 cm (17.3 Inch) Display1 Year Onsite Warranty
3,HP Spectre Eyesafe Intel Evo Core i7 12700H 12th Gen - (16 GB/512 GB SSD/Windows 11 Home) 16-f1003TU T...,"₹1,39,990",Intel Core i7 Processor (12th Gen)16 GB LPDDR4X RAM64 bit Windows 11 Operating System512 GB SSD40.64 cm (16 Inch) Touchscreen Display1 Year Onsite Warranty
4,SAMSUNG Galaxy Book3 Core i5 1335U 13th Gen - (16 GB/512 GB SSD/Windows 11 Home) Galaxy Book3 Thin and...,"₹76,990",Intel Core i5 Processor (13th Gen)16 GB LPDDR4X RAMWindows 11 Operating System512 GB SSD39.62 cm (15.6 Inch) Display1 Year Onsite Warranty
5,DELL Core i5 1235U 12th Gen - (8 GB/1 TB HDD/256 GB SSD/Windows 11 Home/2 GB Graphics) Inspiron 3520 T...,"₹69,490",Intel Core i5 Processor (12th Gen)8 GB DDR4 RAMWindows 11 Operating System1 TB HDD|256 GB SSD39.62 cm (15.6 Inch) Display1 Year Onsite Warranty
6,HP Spectre x360 (2023) OLED Eyesafe Intel Evo Core i7 1355U 13th Gen - (16 GB/1 TB SSD/Windows 11 Home...,"₹1,38,990",Intel Core i7 Processor (13th Gen)16 GB LPDDR4X RAM64 bit Windows 11 Operating System1 TB SSD34.29 cm (13.5 Inch) Touchscreen Display1 Year Onsite Warranty
7,ASUS TUF Gaming A16 Advantage Edition (2023) with 90WHr Battery Ryzen 9 Octa Core 7940HS - (16 GB/1 TB...,"₹1,39,990",AMD Ryzen 9 Octa Core Processor16 GB DDR5 RAMWindows 11 Operating System1 TB SSD40.64 cm (16 Inch) Display1 Year Onsite Warranty
8,ASUS Pro P5 Core i5 8265U 8th Gen - (8 GB/512 GB SSD/Windows 10 Pro) Pro P5 P5440FA Thin and Light Lap...,"₹78,990",Intel Core i5 Processor (8th Gen)8 GB DDR4 RAM64 bit Windows 10 Operating System512 GB SSD35.56 cm (14 inch) Display1 Year Manufacturer Warranty on the Device and 6 Months Manufacturer Warranty on Included Accessories from the Date of Purchase
9,Lenovo IdeaPad 5 Intel Core i5 1135G7 11th Gen - (16 GB/512 GB SSD/Windows 11 Home) IdeaPad 5 15ITL05 ...,"₹58,655",Intel Core i5 Processor (11th Gen)16 GB DDR4 RAM64 bit Windows 11 Operating System512 GB SSD39.62 cm (15.6 Inch) Display1 Year Onsite�Warranty�+ 1 Year Premium Care + 1 Year Accidental Damage Protection
10,DELL Vostro Core i5 1240P 12th Gen - (16 GB/512 GB SSD/Windows 11 Home) Vostro 5620 Thin and Light Lap...,"₹69,890",Intel Core i5 Processor (12th Gen)16 GB DDR4 RAM64 bit Windows 11 Operating System512 GB SSD40.64 cm (16 inch) DisplayMicrosoft Office Home & Student 20211 Year Onsite Hardware Service
11,HP Envy x360 (2023) Intel Ryzen 5 Hexa Core 7530U - (16 GB/512 GB SSD/Windows 11 Home) 15-fh0015AU Lap...,"₹79,490",AMD Ryzen 5 Hexa Core Processor16 GB LPDDR5 RAMWindows 11 Operating System512 GB SSD39.62 cm (15.6 Inch) Touchscreen Display1 Year Onsite Warranty
12,HP Spectre Eyesafe Intel Evo Core i7 1255U 12th Gen - (16 GB/512 GB SSD/Windows 11 Home) ef0053TU Note...,"₹1,30,990",Intel Core i7 Processor (12th Gen)16 GB LPDDR4X RAM64 bit Windows 11 Operating System512 GB SSD34.29 cm (13.5 inch) Display1 Year Onsite Warranty
13,ASUS TUF Gaming A15 (2023) with 90WHr Battery Ryzen 9 Octa Core 7940HS - (16 GB/1 TB SSD/Windows 11 Ho...,"₹1,31,990",AMD Ryzen 9 Octa Core Processor16 GB DDR4 RAMWindows 11 Operating System1 TB SSD39.62 cm (15.6 Inch) Display1 Year Onsite Warranty
14,"ASUS Vivobook Pro 15 For Creator, Ryzen 7 Octa Core 5800HS - (16 GB/512 GB SSD/Windows 11 Home/4 GB Gr...","₹79,990",AMD Ryzen 7 Octa Core Processor16 GB DDR4 RAMWindows 11 Operating System512 GB SSD39.62 cm (15.6 Inch) Display1 Year Onsite Warranty
15,MSI Sword 15 Core i5 12500H 12th Gen - (16 GB/512 GB SSD/Windows 11 Home/4 GB Graphics/NVIDIA GeForce ...,"₹84,099",Intel Core i5 Processor (12th Gen)16 GB DDR4 RAM64 bit Windows 11 Operating System512 GB SSD39.62 cm (15.6 Inch) Display2 Year Carry-In Warranty Term
16,Lenovo LOQ Core i7 13620H 13th Gen - (16 GB/512 GB SSD/Windows 11 Home/8 GB Graphics/NVIDIA GeForce RT...,"₹1,14,990",Intel Core i7 Processor (13th Gen)16 GB DDR5 RAMWindows 11 Operating System512 GB SSD39.62 cm (15.6 Inch) DisplayMicrosoft Office Home & Student 20211 Year Carry-in Warranty
17,ASUS Zenbook 14 Flip OLED (2023) Intel EVO P-Series Core i7 1360P 13th Gen - (16 GB/512 GB SSD/Windows...,"₹1,24,990",Intel Core i7 Processor (13th Gen)16 GB LPDDR5 RAMWindows 11 Operating System512 GB SSD35.56 cm (14 Inch) Touchscreen Display1 Year Onsite Warranty
18,HP Pavilion Plus Creator OLED Eyesafe (2023) Intel H-Series Core i5 12500H 12th Gen - (16 GB/512 GB SS...,"₹80,754",Intel Core i5 Processor (12th Gen)16 GB DDR4 RAMWindows 11 Operating System512 GB SSD35.56 cm (14 Inch) Display1 Year Onsite Warranty
19,ASUS Zenbook 14 OLED (2023) Ryzen 5 Hexa Core 7530U - (16 GB/512 GB SSD/Windows 11 Home) UM3402YA-KM54...,"₹79,990",AMD Ryzen 5 Hexa Core Processor16 GB LPDDR4X RAMWindows 11 Operating System512 GB SSD35.56 cm (14 Inch) Display1 Year Onsite Warranty
20,HP Pavilion Aero (2023) Ryzen 7 Octa Core 7735U - (16 GB/1 TB SSD/Windows 11 Home) 13-BE2048AU Thin an...,"₹78,990",AMD Ryzen 7 Octa Core Processor16 GB LPDDR5 RAMWindows 11 Operating System1 TB SSD33.78 cm (13.3 Inch) Display1 Year Onsite Warranty
21,MSI Katana 15 Core i5 12450H 12th Gen - (8 GB/512 GB SSD/Windows 11 Home/6 GB Graphics/NVIDIA GeForce ...,"₹76,990",Intel Core i5 Processor (12th Gen)8 GB DDR5 RAMWindows 11 Operating System512 GB SSD39.62 cm (15.6 Inch) Display2 Year On-Site & Carry-In Warranty
22,Lenovo Yoga Slim 7 Carbon Intel Evo Core i7 1260P 12th Gen - (16 GB/1 TB SSD/Windows 11 Home) 13IAP7 T...,"₹1,16,990",Intel Core i7 Processor (12th Gen)16 GB LPDDR5 RAMWindows 11 Operating System1 TB SSD33.78 cm (13.3 Inch) Touchscreen Display3 Years Onsite Warranty + 3 Year Premium Care + 1 Year Accidental Damage Protection
23,ASUS ROG Strix G15 Advantage Edition with 90Whr Battery Ryzen 9 Octa Core 5980HX - (16 GB/1 TB SSD/Win...,"₹1,19,990",AMD Ryzen 9 Octa Core Processor16 GB DDR4 RAMWindows 11 Operating System1 TB SSD39.62 cm (15.6 inch) DisplayMicrosoft Office Home & Student1 Year Onsite Warranty
24,"ASUS Vivobook 16X (2023) For Creator, Intel H-Series Core i5 12450H 12th Gen - (16 GB/512 GB SSD/Windo...","₹79,990",Intel Core i5 Processor (12th Gen)16 GB DDR4 RAMWindows 11 Operating System512 GB SSD40.64 cm (16 Inch) Display1 Year Onsite Warranty
25,Acer Nitro 5 (2023) Ryzen 5 Hexa Core 7535HS - (8 GB/512 GB SSD/Windows 11 Home/4 GB Graphics/NVIDIA G...,"₹78,500",AMD Ryzen 5 Hexa Core Processor8 GB DDR5 RAM64 bit Windows 11 Operating System512 GB SSD39.62 cm (15.6 Inch) Display1 Year International Travelers Warranty
26,HP Pavilion (2023) Intel Core i7 1360P 13th Gen - (16 GB/1 TB SSD/Windows 11 Home) 15-eg3036TU Thin an...,"₹89,790",Intel Core i7 Processor (13th Gen)16 GB DDR4 RAM64 bit Windows 11 Operating System1 TB SSD39.62 cm (15.6 Inch) Display1 Year Onsite Warranty
27,Lenovo Yoga Slim 7 Pro Intel Evo Core i5 11320H 11th Gen - (16 GB/512 GB SSD/Windows 11 Home) 14IHU5 T...,"₹69,990",Intel Core i5 Processor (11th Gen)16 GB LPDDR4X RAMWindows 11 Operating System512 GB SSD35.56 cm (14 Inch) Display3 Years Onsite Warranty + 3 Years Premium Care + 1 Year Accidental Damage Protection
28,HP Pavilion (2023) Eyesafe Intel Core i5 1240P 12th Gen - (16 GB/512 GB SSD/Windows 11 Home) EG2036TU ...,"₹72,990",Intel Core i5 Processor (12th Gen)16 GB DDR4 RAM64 bit Windows 11 Operating System512 GB SSD39.62 cm (15.6 inch) DisplayMicrosoft Office Home & Student 20211 Year Onsite Warranty
29,ASUS Core i5 13th Gen - (16 GB/512 GB SSD/Windows 11 Home) TP3402VAB-LZ542WS 2 in 1 Laptop,"₹78,890",Intel Core i5 Processor (13th Gen)16 GB DDR4 RAMWindows 11 Operating System512 GB SSD35.56 cm (14 inch) Touchscreen Display1 Year Warranty
30,HP Pavilion (2023) Intel Core i5 1340P 13th Gen - (16 GB/512 GB SSD/Windows 11 Home) 15-eg3026TU Thin ...,"₹79,000",Intel Core i5 Processor (13th Gen)16 GB DDR4 RAM64 bit Windows 11 Operating System512 GB SSD39.62 cm (15.6 Inch) Display1 Year Onsite Warranty
31,ASUS TUF GAMING A15 Ryzen 7 Octa Core 4800H - (16 GB/512 GB SSD/Windows 11 Home/4 GB Graphics/NVIDIA G...,"₹78,400","AMD Ryzen 7 Octa Core Processor16 GB DDR4 RAM64 bit Windows 11 Operating System512 GB SSD39.62 cm (15.6 inch) DisplayWindows 11, 1 Year McAfee1 Year Onsite Warranty"
32,ASUS Vivobook S14 OLED Intel EVO H-Series Core i7 12700H 12th Gen - (16 GB/512 GB SSD/Windows 11 Home)...,"₹84,990",Intel Core i7 Processor (12th Gen)16 GB DDR4 RAMWindows 11 Operating System512 GB SSD35.56 cm (14 inch) DisplayOffice Home and Student 20211 Year Onsite Warranty
33,HP Pavilion Ryzen 5 Hexa Core 5625U - (16 GB/512 GB SSD/Windows 11 Home) 14-EC1005AU Thin and Light La...,"₹56,990",AMD Ryzen 5 Hexa Core Processor16 GB DDR4 RAM64 bit Windows 11 Operating System512 GB SSD35.56 cm (14 Inch) DisplayMicrosoft Office Home & Student 20211 Year Onsite Warranty
34,DELL Core i5 1240P 12th Gen - (16 GB/512 GB SSD/Windows 11 Home) Inspiron 5320 Thin and Light Laptop,"₹82,990",Intel Core i5 Processor (12th Gen)16 GB DDR5 RAM64 bit Windows 11 Operating System512 GB SSD33.78 cm (13.3 Inch) Display1 Year Onsite Hardware Service
35,HP Pavilion Intel Core i5 1155G7 11th Gen - (16 GB/512 GB SSD/Windows 11 Home) 14-dy1048TU Thin and Li...,"₹72,990","Intel Core i5 Processor (11th Gen)16 GB DDR4 RAM64 bit Windows 11 Operating System512 GB SSD35.56 cm (14 inch) Touchscreen Display""Microsoft Office Home & Student 2019, HP Documentation, HP SSRM, HP Smart ""1 Year Onsite Warranty"
36,Lenovo LOQ Core i7 13620H 13th Gen - (16 GB/512 GB SSD/Windows 11 Home/8 GB Graphics/NVIDIA GeForce RT...,"₹1,14,990",Intel Core i7 Processor (13th Gen)16 GB DDR5 RAMWindows 11 Operating System512 GB SSD39.62 cm (15.6 Inch) DisplayMicrosoft Office Home & Student 20211 Year Carry-in Warranty
37,Lenovo Ideapad Gaming 3 AMD Ryzen 5 Hexa Core 5600H - (8 GB/512 GB SSD/Windows 11 Home/4 GB Graphics/N...,"₹53,990",AMD Ryzen 5 Hexa Core Processor8 GB DDR4 RAMWindows 11 Operating System512 GB SSD39.62 cm (15.6 Inch) Display1 Year Onsite warranty
38,Lenovo IdeaPad Gaming 3 Ryzen 7 Octa Core AMD R7-5800H - (8 GB/512 GB SSD/Windows 11 Home/4 GB Graphic...,"₹71,990",AMD Ryzen 7 Octa Core Processor8 GB DDR4 RAM64 bit Windows 11 Operating System512 GB SSD100.63 cm (39.62 cm) Display1 Year Onsite�Warranty�+ 1 Year Premium Care + 1 Year Accidental Damage Protection
39,"ASUS Vivobook Pro 15 For Creator, Ryzen 5 Hexa Core 5600HS - (8 GB/512 GB SSD/Windows 11 Home/4 GB Gra...","₹75,990",AMD Ryzen 5 Hexa Core Processor8 GB DDR4 RAMWindows 11 Operating System512 GB SSD39.62 cm (15.6 Inch) Display1 Year Onsite Warranty
40,"ASUS Vivobook Pro 15 For Creator, Ryzen 5 Hexa Core 5600HS - (8 GB/512 GB SSD/Windows 11 Home/4 GB Gra...","₹75,990",AMD Ryzen 5 Hexa Core Processor8 GB DDR4 RAMWindows 11 Operating System512 GB SSD39.62 cm (15.6 Inch) Display1 Year Onsite Warranty
41,DELL Inspiron Core i5 1235U 12th Gen - (16 GB/512 GB SSD/Windows 11 Home) Inspiron 7420 2 in 1 Laptop,"₹80,250","Processor: Intel i5-1235U (Base- 3.30 GHz & Turbo up to 4.40 GHz) 10 CoresRAM & Storage: 16GB DDR4 & 512GB SSDGraphics & Keyboard: Integrated & Backlit Keyboard + Fingerprint ReaderDisplay: 14.0"" FHD+ WVA Truelife Touch Narrow Border 250 nits, Dell Active PenIntel Core i5 Processor (12th Gen)16 GB DDR4 RAM64 bit Windows 11 Operating System512 GB SSD35.56 cm (14 inch) Touchscreen DisplayOffice Home and Student 20211 Year Onsite Hardware Service"
42,ASUS Zenbook 14X OLED Ryzen 5 Hexa Core 5600HS - (16 GB/512 GB SSD/Windows 11 Home) UM5401QA-KM541WS T...,"₹69,990",AMD Ryzen 5 Hexa Core Processor16 GB LPDDR4X RAMWindows 11 Operating System512 GB SSD35.56 cm (14 Inch) Display1 Year Onsite Warranty
43,Lenovo IdeaPad Gaming 3 Intel Core i5 12450H 12th Gen - (16 GB/512 GB SSD/Windows 11 Home/4 GB Graphic...,"₹67,990",Intel Core i5 Processor (12th Gen)16 GB DDR4 RAMWindows 11 Operating System512 GB SSD39.62 cm (15.6 Inch) Display1Year Onsite warranty
44,HP Pavilion Aero (2023) Ryzen 7 Octa Core 7735U - (16 GB/1 TB SSD/Windows 11 Home) 13-BE2046AU Thin an...,"₹78,990",AMD Ryzen 7 Octa Core Processor16 GB LPDDR5 RAMWindows 11 Operating System1 TB SSD33.78 cm (13.3 Inch) Display1 Year Onsite Warranty
45,ASUS Vivobook S 14 Flip (2023) Ryzen 5 Hexa Core 7530U - (16 GB/512 GB SSD/Windows 11 Home) TN3402YAB-...,"₹74,990",AMD Ryzen 5 Hexa Core Processor16 GB DDR4 RAMWindows 11 Operating System512 GB SSD35.56 cm (14 Inch) Touchscreen Display1 Year Onsite Warranty
46,HP Pavilion (2023) Eyesafe Ryzen 5 Hexa Core 5625U - (16 GB/512 GB SSD/Windows 11 Home) 14-EC1019AU Th...,"₹59,337",AMD Ryzen 5 Hexa Core Processor16 GB DDR4 RAM64 bit Windows 11 Operating System512 GB SSD35.56 cm (14 inch) Display1 Year Onsite Warranty
47,Lenovo IdeaPad Gaming 3 Ryzen 7 Octa Core AMD R7-5800H - (16 GB/512 GB SSD/Windows 11 Home/4 GB Graphi...,"₹75,343",AMD Ryzen 7 Octa Core Processor16 GB DDR4 RAM64 bit Windows 11 Operating System512 GB SSD39.62 cm (15.6 Inch) DisplayOffice Home and Student 20211 Year Onsite�Warranty�+ 1 Year Premium Care + 1 Year Accidental Damage Protection
48,HP Intel Core i5 10300H 10th Gen - (16 GB/512 GB SSD/Windows 10 Home/4 GB Graphics) 15-ep0011TX Laptop,"₹96,199",Intel Core i5 Processor (10th Gen)16 GB DDR4 RAM64 bit Windows 10 Operating System512 GB SSD39.62 cm (15.6 inch) DisplayMicrosoft Office Home and Student 20191 Year Onsite Warranty
49,HP Victus Ryzen 7 Octa Core 5800H - (8 GB/512 GB SSD/Windows 11 Home/4 GB Graphics/NVIDIA GeForce RTX ...,"₹77,400",AMD Ryzen 7 Octa Core Processor8 GB DDR4 RAM64 bit Windows 11 Operating System512 GB SSD39.62 cm (15.6 Inch) Display1 Year Onsite Warranty
50,HP Victus Ryzen 5 Hexa Core 5600H - (8 GB/512 GB SSD/Windows 11 Home/4 GB Graphics/NVIDIA GeForce GTX ...,"₹67,690",AMD Ryzen 5 Hexa Core Processor8 GB DDR4 RAM64 bit Windows 11 Operating System512 GB SSD40.89 cm (16.1 Inch) Display1 Year Onsite Warranty
51,HP Pavilion Plus Creator Eyesafe (2023) Intel Core i5 12500H 12th Gen - (16 GB/512 GB SSD/Windows 11 H...,"₹78,790",Intel Core i5 Processor (12th Gen)16 GB DDR4 RAMWindows 11 Operating System512 GB SSD35.56 cm (14 Inch) Display1 Year Onsite Warranty
52,HP Pavilion (2023) Intel Core i7 1360P 13th Gen - (16 GB/1 TB SSD/Windows 11 Home) 15-eg3036TU Thin an...,"₹89,790",Intel Core i7 Processor (13th Gen)16 GB DDR4 RAM64 bit Windows 11 Operating System1 TB SSD39.62 cm (15.6 Inch) Display1 Year Onsite Warranty
53,ASUS Vivobook S14 OLED Intel EVO H-Series Core i7 12700H 12th Gen - (16 GB/512 GB SSD/Windows 11 Home)...,"₹84,990",Intel Core i7 Processor (12th Gen)16 GB DDR4 RAMWindows 11 Operating System512 GB SSD35.56 cm (14 inch) DisplayOffice Home and Student 20211 Year Onsite Warranty
54,"ASUS Vivobook 16X (2023) For Creator, Intel H-Series Core i5 12450H 12th Gen - (16 GB/512 GB SSD/Windo...","₹79,990",Intel Core i5 Processor (12th Gen)16 GB DDR4 RAMWindows 11 Operating System512 GB SSD40.64 cm (16 Inch) Display1 Year Onsite Warranty
55,Lenovo Core i5 1135G7 11th Gen - (8 GB/512 GB SSD/Windows 10 Home/2 GB Graphics) E15 Laptop,"₹79,881",Intel Core i5 Processor (11th Gen)8 GB DDR4 RAMWindows 10 Operating System512 GB SSD39.62 cm (15.6 Inch) DisplayMicrosoft Office Home & Student 20191 Year Onsite Warranty
56,Lenovo Yoga Slim 7 Pro Intel Evo Core i5 11320H 11th Gen - (16 GB/512 GB SSD/Windows 11 Home) 14IHU5 T...,"₹69,990",Intel Core i5 Processor (11th Gen)16 GB LPDDR4X RAMWindows 11 Operating System512 GB SSD35.56 cm (14 Inch) Display3 Years Onsite Warranty + 3 Years Premium Care + 1 Year Accidental Damage Protection
57,ASUS Vivobook 15 Core i5 1135G7 11th Gen - (8 GB/512 GB SSD/Windows 11 Home) X515EA-EJ522WS Thin and L...,"₹47,990",Intel Core i5 Processor (11th Gen)8 GB DDR4 RAM64 bit Windows 11 Operating System512 GB SSD39.62 cm (15.6 Inch) Display1 Year Onsite Warranty
58,HP Victus Ryzen 7 Octa Core 5800H - (8 GB/512 GB SSD/Windows 11 Home/4 GB Graphics/NVIDIA GeForce RTX ...,"₹77,990",AMD Ryzen 7 Octa Core Processor8 GB DDR4 RAM64 bit Windows 11 Operating System512 GB SSD40.89 cm (16.1 inch) DisplayMicrosoft Home & Student 20211 Year Onsite Warranty
59,Lenovo Yoga 6 Ryzen 7 Octa Core 4700U - (16 GB/512 GB SSD/Windows 10 Home) 13ARE05 2 in 1 Laptop,"₹77,398",AMD Ryzen 7 Octa Core Processor16 GB DDR4 RAM64 bit Windows 10 Operating System512 GB SSD33.78 cm (13.3 inch) Touchscreen DisplayMicrosoft Office Home and Student 20191 Year Onsite Warranty
60,HP Pavilion Core i5 1235U 12th Gen - (8 GB/512 GB SSD/Windows 11 Home) 14-ek0086TU Thin and Light Lapt...,"₹69,890",Intel Core i5 Processor (12th Gen)8 GB DDR4 RAM64 bit Windows 11 Operating System512 GB SSD35.56 cm (14 inch) DisplayMicrosoft Office Home & Student 20211 Year Onsite Warranty
61,Acer Nitro 5 Ryzen 7 Octa Core 4800H - (8 GB/1 TB HDD/256 GB SSD/Windows 10 Home/4 GB Graphics/NVIDIA ...,"₹77,990","AMD Ryzen 7 Octa Core Processor8 GB DDR4 RAM64 bit Windows 10 Operating System1 TB HDD|256 GB SSD39.62 cm (15.6 inch) DisplayAcer Care Center, Acer Configuration Manager, Acer Product Registration, NitroSense, GOTrust1 Year International Travelers Warranty (ITW)"
62,HP Pavilion Ryzen 5 Hexa Core 5625U - (16 GB/512 GB SSD/Windows 11 Home) 14-EC1005AU Thin and Light La...,"₹56,990",AMD Ryzen 5 Hexa Core Processor16 GB DDR4 RAM64 bit Windows 11 Operating System512 GB SSD35.56 cm (14 Inch) DisplayMicrosoft Office Home & Student 20211 Year Onsite Warranty
63,HP Pavilion (2023) Eyesafe Ryzen 5 Hexa Core 5625U - (16 GB/512 GB SSD/Windows 11 Home) 14-EC1019AU Th...,"₹59,337",AMD Ryzen 5 Hexa Core Processor16 GB DDR4 RAM64 bit Windows 11 Operating System512 GB SSD35.56 cm (14 inch) Display1 Year Onsite Warranty
64,Infinix ZERO BOOK ULTRA Series Laptop Intel Core i9 12900H 12th Gen - (16 GB/512 GB SSD/Windows 11 Hom...,"₹75,990",Intel Core i9 Processor (12th Gen)16 GB LPDDR5 RAMWindows 11 Operating System512 GB SSD39.62 cm (15.6 inch) Display1 Year Onsite Warranty
65,HP Pavillion x360 convertible Intel Core i5 1235U 12th Gen - (16 GB/512 GB SSD/Windows 11 Home) 14-ek0...,"₹74,990",Intel Core i5 Processor (12th Gen)16 GB DDR4 RAM64 bit Windows 11 Operating System512 GB SSD35.56 cm (14 Inch) Touchscreen Display1 Year Onsite Warranty
66,ASUS Zenbook 14X OLED Ryzen 5 Hexa Core 5600HS - (16 GB/512 GB SSD/Windows 11 Home) UM5401QA-KM541WS T...,"₹69,990",AMD Ryzen 5 Hexa Core Processor16 GB LPDDR4X RAMWindows 11 Operating System512 GB SSD35.56 cm (14 Inch) Display1 Year Onsite Warranty
67,Lenovo Ideapad Gaming 3 AMD Ryzen 5 Hexa Core 5600H - (8 GB/512 GB SSD/Windows 11 Home/4 GB Graphics/N...,"₹53,990",AMD Ryzen 5 Hexa Core Processor8 GB DDR4 RAMWindows 11 Operating System512 GB SSD39.62 cm (15.6 Inch) Display1 Year Onsite warranty
68,HP Pavilion Gaming Core i5 11300H 11th Gen - (8 GB/512 GB SSD/Windows 10 Home/4 GB Graphics/NVIDIA GeF...,"₹77,400",Intel Core i5 Processor (11th Gen)8 GB DDR4 RAM64 bit Windows 10 Operating System512 GB SSD39.62 cm (15.6 inch) DisplayMicrosoft Office Home & Student 20191 Year Onsite Warranty
69,DELL Core i5 12th Gen - (8 GB/512 GB SSD/Windows 11 Home) D552268WIN9S Laptop,"₹68,990",Intel Core i5 Processor (12th Gen)8 GB DDR4 RAMWindows 11 Operating System512 GB SSD40.64 cm (16 inch) Display1 YEAR
70,Lenovo IdeaPad Gaming 3i Intel Core i7 11370H 11th Gen - (8 GB/512 GB SSD/Windows 10 Home/4 GB Graphic...,"₹75,990",Intel Core i7 Processor (11th Gen)8 GB DDR4 RAM64 bit Windows 10 Operating System512 GB SSD39.62 cm (15.6 inch) Display1 Year Warranty + 1 Year Premium Care + 1 Year ADP
71,Lenovo Thinkpad E series Core i5 1135G7 11th Gen - (16 GB/512 GB SSD/Windows 11 Pro) TPE14G2 Business ...,"₹76,000",Intel Core i5 Processor (11th Gen)16 GB DDR4 RAMWindows 11 Operating System512 GB SSD35.56 cm (14 inch) Display3 Years Domestic Warranty
72,HP Pavilion (2023) Intel Core i7 1360P 13th Gen - (16 GB/1 TB SSD/Windows 11 Home) 15-eg3036TU Thin an...,"₹89,790",Intel Core i7 Processor (13th Gen)16 GB DDR4 RAM64 bit Windows 11 Operating System1 TB SSD39.62 cm (15.6 Inch) Display1 Year Onsite Warranty
73,ASUS Vivobook S14 OLED Intel EVO H-Series Core i7 12700H 12th Gen - (16 GB/512 GB SSD/Windows 11 Home)...,"₹84,990",Intel Core i7 Processor (12th Gen)16 GB DDR4 RAMWindows 11 Operating System512 GB SSD35.56 cm (14 inch) DisplayOffice Home and Student 20211 Year Onsite Warranty
74,DELL Inspiron Core i5 1155G7 11th Gen - (8 GB/512 GB SSD/Windows 11 Home) Inspiron 5410 2 in 1 Laptop,"₹74,999",Intel Core i5 Processor (11th Gen)8 GB DDR4 RAM64 bit Windows 11 Operating System512 GB SSD35.56 cm (14 Inch) Touchscreen Display1 Year Onsite Warranty
75,Lenovo Core i5 1135G7 11th Gen - (16 GB/512 GB SSD/Windows 10 Home) E15 Laptop,"₹76,000",Intel Core i5 Processor (11th Gen)16 GB DDR4 RAMWindows 10 Operating System512 GB SSD39.62 cm (15.6 Inch) DisplayMicrosoft Office Home & Student 20191 Year Onsite Warranty
76,Lenovo Yoga Slim 7 Pro Intel Evo Core i5 11320H 11th Gen - (16 GB/512 GB SSD/Windows 11 Home) 14IHU5 T...,"₹69,990",Intel Core i5 Processor (11th Gen)16 GB LPDDR4X RAMWindows 11 Operating System512 GB SSD35.56 cm (14 Inch) Display3 Years Onsite Warranty + 3 Years Premium Care + 1 Year Accidental Damage Protection
77,ASUS Vivobook 15 Core i5 1135G7 11th Gen - (8 GB/512 GB SSD/Windows 11 Home) X515EA-EJ522WS Thin and L...,"₹47,990",Intel Core i5 Processor (11th Gen)8 GB DDR4 RAM64 bit Windows 11 Operating System512 GB SSD39.62 cm (15.6 Inch) Display1 Year Onsite Warranty
78,DELL G15 Core i5 10200H 10th Gen - (16 GB/512 GB SSD/Windows 10/4 GB Graphics/NVIDIA GeForce GTX 1650/...,"₹75,900","NVIDIA GeForce GTX 165015.6 inches Full HD, 2-sided narrow bezel, 120Hz, 250 NitsImproved thermal design with copper pipes & ventsGame shift key for Turbo boost of powerIn-built Alienware Command center software with enhanced control over system settingsIntel Core i5 Processor (10th Gen)16 GB DDR4 RAM64 bit Windows 10 Operating System512 GB SSD39.62 cm (15.6 inch) DisplayMicrosoft Office Home & Student 20191 Year Premium Support"
79,ASUS Zenbook 13 Intel EVO Core i5 1135G7 11th Gen - (8 GB/512 GB SSD/Windows 11 Home) UX325EA-KG502WS ...,"₹75,990",Intel Core i5 Processor (11th Gen)8 GB LPDDR4X RAM64 bit Windows 11 Operating System512 GB SSD33.78 cm (13.3 Inch) Display1 Year onsite warranty
80,ASUS ZenBook 13 (2022) Core i7 1165G7 11th Gen - (16 GB/512 GB SSD/Windows 10 Home) UX325EA-KG722TS Th...,"₹79,999","Intel Core i7 Processor (11th Gen)16 GB LPDDR4X RAM64 bit Windows 10 Operating System512 GB SSD33.78 cm (13.3 inch) DisplayMicrosoft Office Home and Student 2019, My Asus, Splendid, Tru2Life1 Year Onsite Warranty"
81,ASUS Core i5 11th Gen - (8 GB/512 GB SSD/Windows 11 Home/4 GB Graphics/NVIDIA GeForce RTX RTX 3050 4GB...,"₹65,390",Intel Core i5 Processor (11th Gen)8 GB DDR4 RAMWindows 11 Operating System512 GB SSD39.62 cm (15.6 inch) Display1 Year Warranty
82,HP Pavilion Ryzen 5 Hexa Core 5625U - (16 GB/512 GB SSD/Windows 11 Home) 14-EC1005AU Thin and Light La...,"₹56,990",AMD Ryzen 5 Hexa Core Processor16 GB DDR4 RAM64 bit Windows 11 Operating System512 GB SSD35.56 cm (14 Inch) DisplayMicrosoft Office Home & Student 20211 Year Onsite Warranty
83,HP Pavilion (2023) Eyesafe Ryzen 5 Hexa Core 5625U - (16 GB/512 GB SSD/Windows 11 Home) 14-EC1019AU Th...,"₹59,337",AMD Ryzen 5 Hexa Core Processor16 GB DDR4 RAM64 bit Windows 11 Operating System512 GB SSD35.56 cm (14 inch) Display1 Year Onsite Warranty
84,ASUS Ryzen 5 10th Gen - (16 GB/512 GB SSD/Windows 11 Home/NVIDIA GeForce RTX 4GB NVIDIA GeForce RTX 30...,"₹70,528",AMD Ryzen 5 Processor (10th Gen)16 GB DDR4 RAMWindows 11 Operating System512 GB SSD39.62 cm (15.6 inch) Display1 Year Warranty
85,ASUS Vivobook Flip S 14 Intel H-Series Core i5 12500H 12th Gen - (16 GB/512 GB SSD/Windows 11 Home) TP...,"₹79,990",Intel Core i5 Processor (12th Gen)16 GB DDR4 RAM64 bit Windows 11 Operating System512 GB SSD35.56 cm (14 inch) Touchscreen Display1 Year Onsite Warranty
86,ASUS Zenbook 14X OLED Ryzen 5 Hexa Core 5600HS - (16 GB/512 GB SSD/Windows 11 Home) UM5401QA-KM541WS T...,"₹69,990",AMD Ryzen 5 Hexa Core Processor16 GB LPDDR4X RAMWindows 11 Operating System512 GB SSD35.56 cm (14 Inch) Display1 Year Onsite Warranty
87,Lenovo Ryzen 3 Quad Core 7320U - (8 GB/512 GB SSD/Windows 11 Home) 15AMN7 Thin and Light Laptop,"₹38,394",AMD Ryzen 3 Quad Core Processor8 GB LPDDR5 RAMWindows 11 Operating System512 GB SSD39.62 cm (15.6 inch) Display1 Year Onsite warranty
88,DELL Core i5 11th Gen - (8 GB/512 GB SSD/Windows 10 Pro) 3420 Business Laptop,"₹76,950",Intel Core i5 Processor (11th Gen)8 GB DDR4 RAMWindows 10 Operating System512 GB SSD35.56 cm (14 inch) Display3 year domestic
89,DELL Inspiron 13 7000 Core i5 8250U 8th Gen - (8 GB/256 GB SSD/Windows 10 Home) 7373 2 in 1 Laptop,"₹76,490","Intel Core i5 Processor (8th Gen)8 GB DDR4 RAM64 bit Windows 10 Operating System256 GB SSD33.78 cm (13.3 inch) Touchscreen DisplayMicrosoft Office Home and Student 20161 Year Premium Support Plus, 24x7 Technical Support and Assistance"
90,HP Ryzen 7 Octa Core - (16 GB/512 GB SSD/Windows 11 Home/4 GB Graphics/NVIDIA GeForce RTX NVIDIA® GeFo...,"₹78,190",AMD Ryzen 7 Octa Core Processor16 GB DDR4 RAMWindows 11 Operating System512 GB SSD39.62 cm (15.6 inch) Display1 Year
91,Lenovo ThinkPad E15 Core i5 1135G7 11th Gen - (8 GB/512 GB SSD/Windows 10 Home) E15 Laptop,"₹71,054",Intel Core i5 Processor (11th Gen)8 GB DDR4 RAM64 bit Windows 10 Operating System512 GB SSD39.62 cm (15.6 inch) DisplayMicrosoft Office Home & Student 20191 Year Onsite Warranty
92,HP Pavilion Ryzen 5 Hexa Core 5625U - (8 GB/512 GB SSD/Windows 11 Home) 14-EC1003AU Thin and Light Lap...,"₹51,690",AMD Ryzen 5 Hexa Core Processor8 GB DDR4 RAM64 bit Windows 11 Operating System512 GB SSD35.56 cm (14 Inch) Display1 Year Onsite Warranty
93,HP Pavilion Aero (2023) Ryzen 7 Octa Core 7735U - (16 GB/1 TB SSD/Windows 11 Home) 13-BE2048AU Thin an...,"₹78,990",AMD Ryzen 7 Octa Core Processor16 GB LPDDR5 RAMWindows 11 Operating System1 TB SSD33.78 cm (13.3 Inch) Display1 Year Onsite Warranty
94,Lenovo Yoga C640 Core i5 10210U 10th Gen - (8 GB/512 GB SSD/Windows 10 Home) C640-13IML 2 in 1 Laptop,"₹79,400",Intel Core i5 Processor (10th Gen)8 GB DDR4 RAM64 bit Windows 10 Operating System512 GB SSD34.54 cm (13.6 inch) Touchscreen DisplayMicrosoft Office Home and Student 20191 Year Onsite Warranty
95,Lenovo IdeaPad Flex 5 Intel Core i5 1235U 12th Gen - (16 GB/512 GB SSD/Windows 11 Home) 14IAU7 Thin an...,"₹73,898",Intel Core i5 Processor (12th Gen)16 GB LPDDR4X RAMWindows 11 Operating System512 GB SSD35.56 cm (14 Inch) Display1 Year Onsite Warranty + 1 Year Premium Care + 1 Year Accidental Damage Protection
96,HP Pavilion (2023) Intel Core i7 1360P 13th Gen - (16 GB/1 TB SSD/Windows 11 Home) 15-eg3036TU Thin an...,"₹89,790",Intel Core i7 Processor (13th Gen)16 GB DDR4 RAM64 bit Windows 11 Operating System1 TB SSD39.62 cm (15.6 Inch) Display1 Year Onsite Warranty
97,ASUS Vivobook S14 OLED Intel EVO H-Series Core i7 12700H 12th Gen - (16 GB/512 GB SSD/Windows 11 Home)...,"₹84,990",Intel Core i7 Processor (12th Gen)16 GB DDR4 RAMWindows 11 Operating System512 GB SSD35.56 cm (14 inch) DisplayOffice Home and Student 20211 Year Onsite Warranty
98,Lenovo Yoga 730 Core i7 8550U 8th Gen - (8 GB/512 GB SSD/Windows 10 Home) 730-13IKB Thin and Light Lap...,"₹79,800",Intel Core i7 Processor (8th Gen)8 GB DDR4 RAM64 bit Windows 10 Operating System512 GB SSD33.78 cm (13.3 inch) Touchscreen DisplayMicrosoft Office Home & Student 20161 Year Onsite Warranty
99,ASUS AMD Rhyzen 5 5600U Ryzen 5 Octa Core 1115G4 11th Gen - (16 GB/512 GB SSD/Windows 10 Home) UM325SA...,"₹75,900","AMD Ryzen 5 Octa Core Processor (11th Gen)16 GB DDR4 RAM64 bit Windows 10 Operating System512 GB SSD33.78 cm (13.3 inch) DisplayOffice Home and Student 2019, MyASUS, Link to MyASUS, Splendid, Tru2Life1 Year Onsite Warranty"
100,ASUS VivoBook Pro 14 OLED (2022) Core i5 11300H 11th Gen - (16 GB/512 GB SSD/Windows 11 Home/Intel Int...,"₹76,990",Intel Core i5 Processor (11th Gen)16 GB DDR4 RAM64 bit Windows 11 Operating System512 GB SSD35.56 cm (14 inch) DisplayOffice Home and Student 20211 Year Onsite Warranty
101,HP Victus Core i5 11400H 11th Gen - (8 GB/512 GB SSD/Windows 11 Home/4 GB Graphics/NVIDIA GeForce RTX ...,"₹79,400",Intel Core i5 Processor (11th Gen)8 GB DDR4 RAM64 bit Windows 11 Operating System512 GB SSD40.89 cm (16.1 inch) DisplayMicrosoft Office Home & Student 20191 Year Onsite Warranty
102,Lenovo Yoga Slim 7 Pro Intel Evo Core i5 11320H 11th Gen - (16 GB/512 GB SSD/Windows 11 Home) 14IHU5 T...,"₹69,990",Intel Core i5 Processor (11th Gen)16 GB LPDDR4X RAMWindows 11 Operating System512 GB SSD35.56 cm (14 Inch) Display3 Years Onsite Warranty + 3 Years Premium Care + 1 Year Accidental Damage Protection
103,HP Pavilion Ryzen 5 Hexa Core 5625U - (16 GB/512 GB SSD/Windows 11 Home) 14-EC1005AU Thin and Light La...,"₹56,990",AMD Ryzen 5 Hexa Core Processor16 GB DDR4 RAM64 bit Windows 11 Operating System512 GB SSD35.56 cm (14 Inch) DisplayMicrosoft Office Home & Student 20211 Year Onsite Warranty
104,DELL Core i5 1235U 12th Gen - (16 GB/512 GB SSD/Windows 11 Home/2 GB Graphics) New Inspiron 15 Metal L...,"₹76,100",Intel Core i5 Processor (12th Gen)16 GB DDR4 RAM64 bit Windows 11 Operating System512 GB SSD39.62 cm (15.6 Inch) Display1 Year Onsite Hardware Service
105,DELL Inspiron Core i5 1155G7 11th Gen - (8 GB/512 GB SSD/Windows 10) Inspiron 5410 2 in 1 Laptop,"₹69,990",Intel Core i5 Processor (11th Gen)8 GB DDR4 RAM64 bit Windows 10 Operating System512 GB SSD35.56 cm (14 inch) Touchscreen DisplayMicrosoft Office Home & Student 20191 Year Onsite Warranty
106,ASUS Vivobook 15 Core i5 1135G7 11th Gen - (8 GB/512 GB SSD/Windows 11 Home) X515EA-EJ522WS Thin and L...,"₹47,990",Intel Core i5 Processor (11th Gen)8 GB DDR4 RAM64 bit Windows 11 Operating System512 GB SSD39.62 cm (15.6 Inch) Display1 Year Onsite Warranty
107,Lenovo Ideapad Gaming 3 AMD Ryzen 5 Hexa Core 5600H - (8 GB/512 GB SSD/Windows 11 Home/4 GB Graphics/N...,"₹53,990",AMD Ryzen 5 Hexa Core Processor8 GB DDR4 RAMWindows 11 Operating System512 GB SSD39.62 cm (15.6 Inch) Display1 Year Onsite warranty
108,DELL Inspiron Core i5 1135G7 11th Gen - (8 GB/512 GB SSD/Windows 10) Inspiron 5410 2 in 1 Laptop,"₹78,450",Intel Core i5 Processor (11th Gen)8 GB DDR4 RAM64 bit Windows 10 Operating System512 GB SSD35.56 cm (14 Inch) Touchscreen DisplayMicrosoft Office Home and Student 20191 Year Onsite Warranty
109,DELL Inspiron Core i5 1155G7 11th Gen - (8 GB/512 GB SSD/Windows 11 Home) Inspiron 5410 2 in 1 Laptop,"₹76,249",Intel Core i5 Processor (11th Gen)8 GB DDR4 RAM64 bit Windows 11 Operating System512 GB SSD35.56 cm (14 Inch) Touchscreen Display1 Year Onsite Warranty
110,DELL Core i5 11th Gen - (8 GB/512 GB SSD/Ubuntu) 3420 Business Laptop,"₹61,990",Intel Core i5 Processor (11th Gen)8 GB DDR4 RAMLinux/Ubuntu Operating System512 GB SSD35.56 cm (14 inch) Display3 year domestic
111,DELL Inspiron Core i5 1135G7 11th Gen - (8 GB/512 GB SSD/Windows 10 Home) INSP 5406 2in1 2 in 1 Laptop,"₹79,500","Intel Core i5 Processor (11th Gen)8 GB DDR4 RAM64 bit Windows 10 Operating System512 GB SSD35.56 cm (14 inch) Touchscreen DisplayMicrosoft Office Home and Student 20191 Year Limited Hardware Warranty, In Home Service After Remote Diagnosis - Retail"
112,ASUS Zenbook 14X OLED Ryzen 5 Hexa Core 5600HS - (16 GB/512 GB SSD/Windows 11 Home) UM5401QA-KM541WS T...,"₹69,990",AMD Ryzen 5 Hexa Core Processor16 GB LPDDR4X RAMWindows 11 Operating System512 GB SSD35.56 cm (14 Inch) Display1 Year Onsite Warranty
113,HP Pavilion (2023) Eyesafe Ryzen 5 Hexa Core 5625U - (16 GB/512 GB SSD/Windows 11 Home) 14-EC1019AU Th...,"₹59,337",AMD Ryzen 5 Hexa Core Processor16 GB DDR4 RAM64 bit Windows 11 Operating System512 GB SSD35.56 cm (14 inch) Display1 Year Onsite Warranty
114,Acer Core i5 9th Gen - (8 GB/1 TB HDD/Windows 10 Home/4 GB Graphics) AN515-54-563K Laptop,"₹59,999",Intel Core i5 Processor (9th Gen)8 GB DDR4 RAMWindows 10 Operating System1 TB HDD39.62 cm (15.6 inch) Display1 YEAR DOMESTIC WARRANTY
115,DELL Core i5 1235U 12th Gen - (8 GB/512 GB SSD/Windows 11 Home) Inspiron 7420 Thin and Light Laptop,"₹74,490","Processor: Intel i5-1235U (Base- 3.30 GHz & Turbo up to 4.40 GHz) 10 CoresRAM & Storage: 8GB DDR4 & 512GB SSDGraphics & Keyboard: Integrated & Backlit Keyboard + Fingerprint ReaderDisplay: 14.0"" FHD+ WVA Truelife Touch Narrow Border 250 nits, Dell Active PenPorts: 1 HDMI out 1.4, 1 USB 3.2 Gen 1 Type-A , 2 USB 3.2 Gen 2x2 Type-C with PowerDelivery and Video, 1 3.5mm Headphone/Microphone combination jack, SD Card ReaderIntel Core i5 Processor (12th Gen)8 GB DDR5 RAM64 bit Windows 11 Operating System512 GB SSD35.56 cm (14 inch) Touchscreen Display1 Year Onsite Hardware Service"
116,Lenovo Ryzen 3 Quad Core 7320U - (8 GB/512 GB SSD/Windows 11 Home) 15AMN7 Thin and Light Laptop,"₹38,394",AMD Ryzen 3 Quad Core Processor8 GB LPDDR5 RAMWindows 11 Operating System512 GB SSD39.62 cm (15.6 inch) Display1 Year Onsite warranty
117,HP Pavilion Aero (2023) Ryzen 7 Octa Core 7735U - (16 GB/1 TB SSD/Windows 11 Home) 13-BE2048AU Thin an...,"₹78,990",AMD Ryzen 7 Octa Core Processor16 GB LPDDR5 RAMWindows 11 Operating System1 TB SSD33.78 cm (13.3 Inch) Display1 Year Onsite Warranty
118,HP 14s Intel Core i5 1135G7 11th Gen - (8 GB/512 GB SSD/Windows 11 Home) 14s-ef1001tu Thin and Light L...,"₹59,999","Intel Core i5 Processor (11th Gen)8 GB DDR4 RAMWindows 11 Operating System512 GB SSD35.56 cm (14 Inch) DisplayMicrosoft Office Home & Student 2019, HP Documentation, HP BIOS recovery, HP Smart1 Year onsite Warranty"
119,Acer Aspire 5 Core i7 1165G7 11th Gen - (16 GB/1 TB HDD/256 GB SSD/Windows 10 Home/2 GB Graphics) A514...,"₹78,000","Intel Core i7 Processor (11th Gen)16 GB DDR4 RAM64 bit Windows 10 Operating System1 TB HDD|256 GB SSD35.56 cm (14 inch) DisplayAcer Care Center, Quick Access, Acer Product Registration1 Year International Travelers Warranty (ITW)"
120,SAMSUNG Galaxy Book3 Core i5 1335U 13th Gen - (8 GB/512 GB SSD/Windows 11 Home) Galaxy Book3 Thin and ...,"₹71,990",Intel Core i5 Processor (13th Gen)8 GB LPDDR4X RAMWindows 11 Operating System512 GB SSD39.62 cm (15.6 Inch) Display1 Year Onsite Warranty
121,HP Victus Core i5 12450H 12th Gen - (8 GB/512 GB SSD/Windows 11 Home/4 GB Graphics/NVIDIA GeForce GTX ...,"₹63,990",Intel Core i5 Processor (12th Gen)8 GB DDR4 RAM64 bit Windows 11 Operating System512 GB SSD39.62 cm (15.6 Inch) Display1 Year Onsite Warranty
122,ASUS ROG Strix G17 (2023) with 90WHr Battery Ryzen 9 12 Core 7845HX - (16 GB/1 TB SSD/Windows 11 Home/...,"₹1,59,990",AMD Ryzen 9 12 Core Processor16 GB DDR5 RAMWindows 11 Operating System1 TB SSD43.94 cm (17.3 Inch) Display1 Year Onsite Warranty
123,HP Spectre Eyesafe Intel Evo Core i7 12700H 12th Gen - (16 GB/512 GB SSD/Windows 11 Home) 16-f1003TU T...,"₹1,39,990",Intel Core i7 Processor (12th Gen)16 GB LPDDR4X RAM64 bit Windows 11 Operating System512 GB SSD40.64 cm (16 Inch) Touchscreen Display1 Year Onsite Warranty
124,HP Pavilion 14 (2023) Intel Core i5 12th Gen - (16 GB/512 GB SSD/Windows 11 Home) Pavilion 14-DV2041TU...,"₹68,490",Intel Core i5 Processor (12th Gen)16 GB DDR4 RAM64 bit Windows 11 Operating System512 GB SSD35.56 cm (14 inch) Display1 year warranty
125,ASUS Vivobook Pro 15 Ryzen 7 Octa Core 5800H - (16 GB/512 GB SSD/Windows 11 Home/4 GB Graphics/NVIDIA ...,"₹74,990","AMD Ryzen 7 Octa Core Processor16 GB DDR4 RAM64 bit Windows 11 Operating System512 GB SSD39.62 cm (15.6 inch) DisplayWindows 11, Microsoft Office H&S 20211 Year Onsite Warranty"
126,HP Spectre x360 (2023) OLED Eyesafe Intel Evo Core i7 1355U 13th Gen - (16 GB/1 TB SSD/Windows 11 Home...,"₹1,38,990",Intel Core i7 Processor (13th Gen)16 GB LPDDR4X RAM64 bit Windows 11 Operating System1 TB SSD34.29 cm (13.5 Inch) Touchscreen Display1 Year Onsite Warranty
127,ASUS Zenbook 14X OLED Space Edition Touchscreen Intel H-Series Core i5 12500H 12th Gen - (16 GB/512 GB...,"₹1,35,800",Intel Core i5 Processor (12th Gen)16 GB LPDDR5 RAMWindows 11 Operating System512 GB SSD35.56 cm (14 inch) Touchscreen DisplayMicrosoft Office Home & Student 20211 Year Onsite Warranty
128,Acer Nitro 5 (2023) Ryzen 7 Octa Core 7735HS - (8 GB/512 GB SSD/Windows 11 Home/4 GB Graphics/NVIDIA G...,"₹74,990",AMD Ryzen 7 Octa Core Processor8 GB DDR5 RAM64 bit Windows 11 Operating System512 GB SSD39.62 cm (15.6 Inch) Display1 Year International Travelers Warranty
129,Lenovo IdeaPad Flex 5 Ryzen 7 Octa Core 5700U - (16 GB/512 GB SSD/Windows 11 Home) 14ALC7 2 in 1 Lapto...,"₹64,990",AMD Ryzen 7 Octa Core Processor16 GB LPDDR4X RAM64 bit Windows 11 Operating System512 GB SSD35.56 cm (14 Inch) Touchscreen Display1 Year Onsite Warranty + 1 Year Premium Care + 1 Year Accidental Damage Protection
130,ASUS Vivobook S 14 Flip Ryzen 7 Octa Core 5800HS - (16 GB/512 GB SSD/Windows 11 Home) TN3402QA-LZ740WS...,"₹69,990",AMD Ryzen 7 Octa Core Processor16 GB DDR4 RAMWindows 11 Operating System512 GB SSD35.56 cm (14 Inch) Touchscreen Display1 Year Onsite Warranty
131,Infinix ZEROBOOK 13 Intel Core i7 13700H 13th Gen - (16 GB/512 GB SSD/Windows 11 Home) ZL513 Thin and ...,"₹71,990",Intel Core i7 Processor (13th Gen)16 GB LPDDR5X RAMWindows 11 Operating System512 GB SSD99.06 cm (39 cm) Display1 Year Onsite Warranty
132,ASUS TUF Gaming A16 Advantage Edition (2023) with 90WHr Battery Ryzen 9 Octa Core 7940HS - (16 GB/1 TB...,"₹1,39,990",AMD Ryzen 9 Octa Core Processor16 GB DDR5 RAMWindows 11 Operating System1 TB SSD40.64 cm (16 Inch) Display1 Year Onsite Warranty
133,HP Spectre Eyesafe Intel Evo Core i7 1255U 12th Gen - (16 GB/512 GB SSD/Windows 11 Home) ef0053TU Note...,"₹1,30,990",Intel Core i7 Processor (12th Gen)16 GB LPDDR4X RAM64 bit Windows 11 Operating System512 GB SSD34.29 cm (13.5 inch) Display1 Year Onsite Warranty
134,Lenovo IdeaPad Gaming 3 Intel Core i5 11300H 11th Gen - (16 GB/512 GB SSD/Windows 11 Home/4 GB Graphic...,"₹66,990",Intel Core i5 Processor (11th Gen)16 GB DDR4 RAMWindows 11 Operating System512 GB SSD39.62 cm (15.6 Inch) Display1 Year Onsite Warranty + 1 Year Premium Care + 1 Year Accidental Damage Protection
135,Lenovo Ideapad Gaming 3 AMD Ryzen 5 Hexa Core 5600H - (16 GB/512 GB SSD/Windows 11 Home/4 GB Graphics/...,"₹56,990",AMD Ryzen 5 Hexa Core Processor16 GB DDR4 RAMWindows 11 Operating System512 GB SSD39.62 cm (15.6 Inch) Display1 Year Onsite warranty
136,ASUS TUF Gaming A15 (2023) with 90WHr Battery Ryzen 9 Octa Core 7940HS - (16 GB/1 TB SSD/Windows 11 Ho...,"₹1,31,990",AMD Ryzen 9 Octa Core Processor16 GB DDR4 RAMWindows 11 Operating System1 TB SSD39.62 cm (15.6 Inch) Display1 Year Onsite Warranty
137,Lenovo LOQ Core i7 13620H 13th Gen - (16 GB/512 GB SSD/Windows 11 Home/8 GB Graphics/NVIDIA GeForce RT...,"₹1,14,990",Intel Core i7 Processor (13th Gen)16 GB DDR5 RAMWindows 11 Operating System512 GB SSD39.62 cm (15.6 Inch) DisplayMicrosoft Office Home & Student 20211 Year Carry-in Warranty
138,HP Pavilion (2023) Intel Core i5 1240P 12th Gen - (16 GB/512 GB SSD/Windows 11 Home) 15-eg2091TU Thin ...,"₹68,990",Intel Core i5 Processor (12th Gen)16 GB DDR4 RAM64 bit Windows 11 Operating System512 GB SSD39.62 cm (15.6 Inch) Display1 Year Onsite Warranty
139,DELL Inspiron Ryzen 7 Octa Core 5825U - (16 GB/512 GB SSD/Windows 11 Home) Vostro 5625 Notebook,"₹73,890",AMD Ryzen 7 Octa Core Processor16 GB DDR4 RAM64 bit Windows 11 Operating System512 GB SSD40.64 cm (16 Inch) Display1 Year Onsite Warranty
140,Lenovo Idea Pad Slim 5 Core i5 13420H 13th Gen - (16 GB/512 GB SSD/Windows 11 Home) 14IRL8 Thin and Li...,"₹70,990",Intel Core i5 Processor (13th Gen)16 GB LPDDR5 RAMWindows 11 Operating System512 GB SSD35.56 cm (14 Inch) DisplayMicrosoft Office Home & Student 20211 Year Carry-in Warranty
141,DELL Core i5 12500H 12th Gen - (8 GB/512 GB SSD/Windows 11 Home/4 GB Graphics/NVIDIA GeForce RTX 3050)...,"₹67,990",Intel Core i5 Processor (12th Gen)8 GB DDR5 RAMWindows 11 Operating System512 GB SSD39.62 cm (15.6 Inch) Display1 Year Onsite Warranty
142,ASUS Zenbook 14 Flip OLED (2023) Intel EVO P-Series Core i7 1360P 13th Gen - (16 GB/512 GB SSD/Windows...,"₹1,24,990",Intel Core i7 Processor (13th Gen)16 GB LPDDR5 RAMWindows 11 Operating System512 GB SSD35.56 cm (14 Inch) Touchscreen Display1 Year Onsite Warranty
143,Lenovo Yoga Slim 7 Carbon Intel Evo Core i7 1260P 12th Gen - (16 GB/1 TB SSD/Windows 11 Home) 13IAP7 T...,"₹1,16,990",Intel Core i7 Processor (12th Gen)16 GB LPDDR5 RAMWindows 11 Operating System1 TB SSD33.78 cm (13.3 Inch) Touchscreen Display3 Years Onsite Warranty + 3 Year Premium Care + 1 Year Accidental Damage Protection
144,Lenovo IdeaPad Gaming 3 Intel Core i7 10750H 10th Gen - (8 GB/512 GB SSD/Windows 10 Home/4 GB Graphics...,"₹73,990",Intel Core i7 Processor (10th Gen)8 GB DDR4 RAM64 bit Windows 10 Operating System512 GB SSD39.62 cm (15.6 Inch) DisplayMicrosoft Office (Trial Only)1 Year Onsite�Warranty�+ 1 Year Premium Care + 1 Year Accidental Damage Protection
145,MSI Core i5 12450H 12th Gen - (16 GB/1 TB HDD/256 GB SSD/Windows 11 Home/4 GB Graphics/NVIDIA GeForce ...,"₹72,990",Intel Core i5 Processor (12th Gen)16 GB DDR4 RAMWindows 11 Operating System1 TB HDD|256 GB SSD39.62 cm (15.6 Inch) Display2 Year Carry-in Warranty
146,ASUS ROG Strix G17 (2023) with 90WHr Battery Ryzen 9 12 Core 7845HX - (16 GB/1 TB SSD/Windows 11 Home/...,"₹1,59,990",AMD Ryzen 9 12 Core Processor16 GB DDR5 RAMWindows 11 Operating System1 TB SSD43.94 cm (17.3 Inch) Display1 Year Onsite Warranty
147,HP Spectre Eyesafe Intel Evo Core i7 12700H 12th Gen - (16 GB/512 GB SSD/Windows 11 Home) 16-f1003TU T...,"₹1,39,990",Intel Core i7 Processor (12th Gen)16 GB LPDDR4X RAM64 bit Windows 11 Operating System512 GB SSD40.64 cm (16 Inch) Touchscreen Display1 Year Onsite Warranty
148,DELL Core i5 11320H 11th Gen - (8 GB/512 GB SSD/Windows 11 Home/2 GB Graphics) Inspiron 5518 Thin and ...,"₹70,430",Intel Core i5 Processor (11th Gen)8 GB DDR4 RAM64 bit Windows 11 Operating System512 GB SSD39.62 cm (15.6 Inch) Display1 Year Onsite Hardware Service
149,ASUS VivoBook Ultra S14 Core i7 1165G7 11th Gen - (8 GB + 32 GB Optane/512 GB SSD/Windows 10 Home) S43...,"₹70,990","Intel Core i7 Processor (11th Gen)8 GB DDR4 RAM64 bit Windows 10 Operating System512 GB SSD35.56 cm (14 inch) DisplayMicrosoft Office Home and Student 2019, Splendid (All Models), Tru2Life (Intel Platform Models), Link to MyASUS (All Models, Bluetooth Needed)1 Year Onsite Warranty"
150,HP Pavilion Aero (2023) Ryzen 5 Hexa Core 7535U - (16 GB/512 GB SSD/Windows 11 Home) 13-BE2056AU Thin ...,"₹68,990",AMD Ryzen 5 Hexa Core Processor16 GB LPDDR5 RAMWindows 11 Operating System512 GB SSD33.78 cm (13.3 Inch) Display1 Year Onsite Warranty
151,ASUS Vivobook Flip S 14 Intel H-Series Core i5 12500H 12th Gen - (8 GB/512 GB SSD/Windows 11 Home) TP3...,"₹74,990",Intel Core i5 Processor (12th Gen)8 GB DDR4 RAM64 bit Windows 11 Operating System512 GB SSD35.56 cm (14 inch) Touchscreen Display1 Year Onsite Warranty
152,HP Spectre x360 (2023) OLED Eyesafe Intel Evo Core i7 1355U 13th Gen - (16 GB/1 TB SSD/Windows 11 Home...,"₹1,38,990",Intel Core i7 Processor (13th Gen)16 GB LPDDR4X RAM64 bit Windows 11 Operating System1 TB SSD34.29 cm (13.5 Inch) Touchscreen Display1 Year Onsite Warranty
153,ASUS Zenbook 14X OLED Space Edition Touchscreen Intel H-Series Core i5 12500H 12th Gen - (16 GB/512 GB...,"₹1,35,800",Intel Core i5 Processor (12th Gen)16 GB LPDDR5 RAMWindows 11 Operating System512 GB SSD35.56 cm (14 inch) Touchscreen DisplayMicrosoft Office Home & Student 20211 Year Onsite Warranty
154,ASUS TUF Gaming F17 Core i5 10300H 10th Gen - (8 GB/512 GB SSD/Windows 10 Home/4 GB Graphics/NVIDIA Ge...,"₹71,990",Intel Core i5 Processor (10th Gen)8 GB DDR4 RAM64 bit Windows 10 Operating System512 GB SSD43.94 cm (17.3 inch) Display1 Year Onsite Warranty
155,MSI Core i5 12450H 12th Gen - (8 GB/512 GB SSD/Windows 11 Home/4 GB Graphics/NVIDIA GeForce RTX 3050) ...,"₹73,990",Intel Core i5 Processor (12th Gen)8 GB DDR4 RAMWindows 11 Operating System512 GB SSD39.62 cm (15.6 Inch) Display2 Year Carry-in Warranty
156,ASUS TUF Gaming A16 Advantage Edition (2023) with 90WHr Battery Ryzen 9 Octa Core 7940HS - (16 GB/1 TB...,"₹1,39,990",AMD Ryzen 9 Octa Core Processor16 GB DDR5 RAMWindows 11 Operating System1 TB SSD40.64 cm (16 Inch) Display1 Year Onsite Warranty
157,HP Spectre Eyesafe Intel Evo Core i7 1255U 12th Gen - (16 GB/512 GB SSD/Windows 11 Home) ef0053TU Note...,"₹1,30,990",Intel Core i7 Processor (12th Gen)16 GB LPDDR4X RAM64 bit Windows 11 Operating System512 GB SSD34.29 cm (13.5 inch) Display1 Year Onsite Warranty
158,MSI Core i5 12450H 12th Gen - (16 GB/512 GB SSD/Windows 11 Home/4 GB Graphics/NVIDIA GeForce RTX 3050)...,"₹73,990",Intel Core i5 Processor (12th Gen)16 GB DDR4 RAMWindows 11 Operating System512 GB SSD39.62 cm (15.6 Inch) Display2 Year Carry-in Warranty
159,DELL Core i5 12th Gen - (16 GB/512 GB SSD/Windows 11 Home) D552269WIN9S Laptop,"₹73,990",Intel Core i5 Processor (12th Gen)16 GB DDR4 RAMWindows 11 Operating System512 GB SSD40.64 cm (16 inch) Display1 YEAR
160,Lenovo IdeaPad Gaming 3 Ryzen 5 Hexa Core 5600H - (8 GB/512 GB SSD/Windows 10 Home/4 GB Graphics/NVIDI...,"₹66,490",AMD Ryzen 5 Hexa Core Processor8 GB DDR4 RAM64 bit Windows 10 Operating System512 GB SSD39.62 cm (15.6 inch) Display1 Year Warranty Term
161,Lenovo Core i5 1235U 12th Gen - (16 GB/1 TB SSD/Windows 11 Home) TP E14 Gen 4 Thin and Light Laptop,"₹74,990",Intel Core i5 Processor (12th Gen)16 GB DDR4 RAMWindows 11 Operating System1 TB SSD35.56 cm (14 Inch) Display1 Year Onsite Warranty
162,ASUS TUF Gaming A15 (2023) with 90WHr Battery Ryzen 9 Octa Core 7940HS - (16 GB/1 TB SSD/Windows 11 Ho...,"₹1,31,990",AMD Ryzen 9 Octa Core Processor16 GB DDR4 RAMWindows 11 Operating System1 TB SSD39.62 cm (15.6 Inch) Display1 Year Onsite Warranty
163,Lenovo LOQ Core i7 13620H 13th Gen - (16 GB/512 GB SSD/Windows 11 Home/8 GB Graphics/NVIDIA GeForce RT...,"₹1,14,990",Intel Core i7 Processor (13th Gen)16 GB DDR5 RAMWindows 11 Operating System512 GB SSD39.62 cm (15.6 Inch) DisplayMicrosoft Office Home & Student 20211 Year Carry-in Warranty
164,MSI Prestige 14 Core i7 10510U 10th Gen - (16 GB/512 GB SSD/Windows 10 Home/2 GB Graphics) Prestige 14...,"₹72,500","Intel Core i7 Processor (10th Gen)16 GB DDR4 RAM64 bit Windows 10 Operating System512 GB SSD35.56 cm (14 inch) DisplayCooler Boost, True Color 2.0, Nahimic 3, Creator Center1 Year Carry In Warranty"
165,ASUS ROG Ally Ryzen Z1 Octa Core Extreme - (16 GB/512 GB SSD/Windows 11 Home) RC71L-NH001W Handheld Ga...,"₹69,990",AMD Ryzen Z1 Octa Core Processor16 GB LPDDR5 RAMWindows 11 Operating System512 GB SSD17.78 cm (7 Inch) Touchscreen Display3 months Xbox Game Pass Ultimate Subscription Included1 Year Onsite Warranty
166,ASUS Zenbook 14 Flip OLED (2023) Intel EVO P-Series Core i7 1360P 13th Gen - (16 GB/512 GB SSD/Windows...,"₹1,24,990",Intel Core i7 Processor (13th Gen)16 GB LPDDR5 RAMWindows 11 Operating System512 GB SSD35.56 cm (14 Inch) Touchscreen Display1 Year Onsite Warranty
167,Lenovo Yoga Slim 7 Carbon Intel Evo Core i7 1260P 12th Gen - (16 GB/1 TB SSD/Windows 11 Home) 13IAP7 T...,"₹1,16,990",Intel Core i7 Processor (12th Gen)16 GB LPDDR5 RAMWindows 11 Operating System1 TB SSD33.78 cm (13.3 Inch) Touchscreen Display3 Years Onsite Warranty + 3 Year Premium Care + 1 Year Accidental Damage Protection
168,DELL Ryzen 5 Hexa Core AMD R5-6600H - (16 GB/512 GB SSD/Windows 11 Home/4 GB Graphics/NVIDIA GeForce R...,"₹73,990","Processor: AMDR5-6600H (3.30 GHz Up to 4.50 Ghz 6 cores 16MB L3 Cache)RAM & Storage: 16GB, 2x8GB, DDR5, 4800Mhz & 512GB SSDDisplay & Graphics: 15.6"" FHD WVA AG 120Hz 250 nits Narrow Border & NVIDIA GEFORCE RTX 3050 (4GB GDDR6)Software & Keyboard: Win 11 + Office H&S 2021 & Backlit Keyboard OrangePorts: (1) HDMI 2.1, (3) SuperSpeed USB 3.2 Gen 1 Type-A, (1) USB Type C Gen 3.2 Display Port Alt-Mode, Headphone/Mic, (1) RJ45AMD Ryzen 5 Hexa Core Processor16 GB DDR5 RAM64 bit Windows 11 Operating System512 GB SSD96.52 cm (38 cm) Display1 Year Onsite Hardware Service"
169,Lenovo Ideapad 720S Core i5 8250U 8th Gen - (8 GB/512 GB SSD/Windows 10 Home) 720S-13IKB Thin and Ligh...,"₹74,990","Intel Core i5 Processor (8th Gen)8 GB DDR4 RAM64 bit Windows 10 Operating System512 GB SSD33.78 cm (13.3 inch) DisplayMicrosoft Office Home and Student 2016, Lenovo App Explorer, Lenovo Companion 3.01 Year Onsite Warranty"
170,Lenovo Yoga Slim 7 Intel Core i5 1035G1 10th Gen - (8 GB/512 GB SSD/Windows 10 Home/2 GB Graphics) 14I...,"₹64,990",Intel Core i5 Processor (10th Gen)8 GB LPDDR4X RAM64 bit Windows 10 Operating System512 GB SSD35.56 cm (14 inch) DisplayMicrosoft Office Home and Student 20193 Years Warranty + 1 Year Premium Care + 1 Year ADP
171,DELL Inspiron Core i5 1155G7 11th Gen - (16 GB/512 GB SSD/Windows 11 Home) Inspiron 5410 2 in 1 Laptop,"₹71,499",Intel Core i5 Processor (11th Gen)16 GB DDR4 RAM64 bit Windows 11 Operating System512 GB SSD35.56 cm (14 inch) Touchscreen Display1 Year Onsite Warranty
172,ASUS ROG Strix G17 (2023) with 90WHr Battery Ryzen 9 12 Core 7845HX - (16 GB/1 TB SSD/Windows 11 Home/...,"₹1,59,990",AMD Ryzen 9 12 Core Processor16 GB DDR5 RAMWindows 11 Operating System1 TB SSD43.94 cm (17.3 Inch) Display1 Year Onsite Warranty
173,HP Spectre Eyesafe Intel Evo Core i7 12700H 12th Gen - (16 GB/512 GB SSD/Windows 11 Home) 16-f1003TU T...,"₹1,39,990",Intel Core i7 Processor (12th Gen)16 GB LPDDR4X RAM64 bit Windows 11 Operating System512 GB SSD40.64 cm (16 Inch) Touchscreen Display1 Year Onsite Warranty
174,Lenovo IdeaPad Gaming 3 Intel Core i5 11300H 11th Gen - (8 GB/512 GB SSD/Windows 10 Home/4 GB Graphics...,"₹55,990",Intel Core i5 Processor (11th Gen)8 GB DDR4 RAM64 bit Windows 10 Operating System512 GB SSD39.62 cm (15.6 inch) Display1 Year Warranty + 1 Year Premium Care + 1 Year ADP
175,SAMSUNG Galaxy Book 2 Core i5 1235U 12th Gen - (16 GB/512 GB SSD/Windows 11 Home) NP550 Thin and Light...,"₹60,990",Intel Core i5 Processor (12th Gen)16 GB DDR4 RAMWindows 11 Operating System512 GB SSD39.62 cm (15.6 Inch) Display1 Year Onsite Warranty
176,HP Spectre x360 (2023) OLED Eyesafe Intel Evo Core i7 1355U 13th Gen - (16 GB/1 TB SSD/Windows 11 Home...,"₹1,38,990",Intel Core i7 Processor (13th Gen)16 GB LPDDR4X RAM64 bit Windows 11 Operating System1 TB SSD34.29 cm (13.5 Inch) Touchscreen Display1 Year Onsite Warranty
177,ASUS TUF Gaming A16 Advantage Edition (2023) with 90WHr Battery Ryzen 9 Octa Core 7940HS - (16 GB/1 TB...,"₹1,39,990",AMD Ryzen 9 Octa Core Processor16 GB DDR5 RAMWindows 11 Operating System1 TB SSD40.64 cm (16 Inch) Display1 Year Onsite Warranty
178,HP Victus Core i5 12450H 12th Gen - (8 GB/512 GB SSD/Windows 11 Home/4 GB Graphics/NVIDIA GeForce RTX ...,"₹74,940",Intel Core i5 Processor (12th Gen)8 GB DDR4 RAM64 bit Windows 11 Operating System512 GB SSD39.62 cm (15.6 inch) Display1 Year Onsite Warranty
179,HP Pavilion Gaming Ryzen 5 Hexa Core 4600H - (8 GB/1 TB HDD/256 GB SSD/Windows 10 Home/4 GB Graphics/N...,"₹72,999","AMD Ryzen 5 Hexa Core Processor8 GB DDR4 RAM64 bit Windows 10 Operating System1 TB HDD|256 GB SSD39.62 cm (15.6 inch) DisplayHP Documentation, HP e-service, HP BIOS Recovery, HP Smart, HP Jumpstarts, HP Audio Switch, HP Audio Boost, HP Support Assistant, HP SSRM, Dropbox1 Year Onsite Warranty"
180,ASUS TUF Gaming A17 Ryzen 5 Hexa Core 4600H - (8 GB/1 TB HDD/256 GB SSD/Windows 10 Home/4 GB Graphics/...,"₹74,999",AMD Ryzen 5 Hexa Core Processor8 GB DDR4 RAM64 bit Windows 10 Operating System1 TB HDD|256 GB SSD43.94 cm (17.3 inch) Display1 Year Onsite Warranty
181,Lenovo LOQ Core i5 12450H 12th Gen - (16 GB/512 GB SSD/Windows 11 Home/4 GB Graphics/NVIDIA GeForce RT...,"₹73,990",Intel Core i5 Processor (12th Gen)16 GB DDR5 RAMWindows 11 Operating System512 GB SSD39.62 cm (15.6 inch) Display1 Year Carry-in Warranty
182,HP Spectre Eyesafe Intel Evo Core i7 1255U 12th Gen - (16 GB/512 GB SSD/Windows 11 Home) ef0053TU Note...,"₹1,30,990",Intel Core i7 Processor (12th Gen)16 GB LPDDR4X RAM64 bit Windows 11 Operating System512 GB SSD34.29 cm (13.5 inch) Display1 Year Onsite Warranty
183,ASUS TUF Gaming A15 (2023) with 90WHr Battery Ryzen 9 Octa Core 7940HS - (16 GB/1 TB SSD/Windows 11 Ho...,"₹1,31,990",AMD Ryzen 9 Octa Core Processor16 GB DDR4 RAMWindows 11 Operating System1 TB SSD39.62 cm (15.6 Inch) Display1 Year Onsite Warranty
184,HP Core i5 11th Gen - (16 GB/512 GB SSD/Windows 11 Home) 16-D0314TX Laptop,"₹63,190",Intel Core i5 Processor (11th Gen)16 GB DDR4 RAMWindows 11 Operating System512 GB SSD40.89 cm (16.1 inch) Display1-year manufacturing warranty
185,ASUS Vivobook 16 (2023) Ryzen 7 Octa Core 7730U - (16 GB/512 GB SSD/Windows 11 Home) M1605YA-MB741WS L...,"₹70,990",AMD Ryzen 7 Octa Core Processor16 GB DDR4 RAMWindows 11 Operating System512 GB SSD40.64 cm (16 Inch) Display1 Year Onsite Warranty
186,Lenovo LOQ Core i7 13620H 13th Gen - (16 GB/512 GB SSD/Windows 11 Home/8 GB Graphics/NVIDIA GeForce RT...,"₹1,14,990",Intel Core i7 Processor (13th Gen)16 GB DDR5 RAMWindows 11 Operating System512 GB SSD39.62 cm (15.6 Inch) DisplayMicrosoft Office Home & Student 20211 Year Carry-in Warranty
187,ASUS Zenbook 14 Flip OLED (2023) Intel EVO P-Series Core i7 1360P 13th Gen - (16 GB/512 GB SSD/Windows...,"₹1,24,990",Intel Core i7 Processor (13th Gen)16 GB LPDDR5 RAMWindows 11 Operating System512 GB SSD35.56 cm (14 Inch) Touchscreen Display1 Year Onsite Warranty
188,ASUS Ryzen 5 - (16 GB/512 GB SSD/Windows 11 Home/4 GB Graphics/NVIDIA GeForce RTX NVIDIA® RTX™ 3050 4G...,"₹73,750",AMD Ryzen 5 Processor16 GB DDR4 RAMWindows 11 Operating System512 GB SSD39.62 cm (15.6 inch) Display1 Year Warranty
189,ASUS Ryzen 5 - (16 GB/512 GB SSD/Windows 11 Home/4 GB Graphics/NVIDIA GeForce RTX NVIDIA® RTX™ 3050 GP...,"₹74,500",AMD Ryzen 5 Processor16 GB DDR4 RAMWindows 11 Operating System512 GB SSD39.62 cm (15.6 inch) Display1 Year Warranty
190,HP Pavilion Aero (2023) Ryzen 5 Hexa Core 7535U - (16 GB/512 GB SSD/Windows 11 Home) 13-BE2057AU Thin ...,"₹67,990",AMD Ryzen 5 Hexa Core Processor16 GB LPDDR5 RAMWindows 11 Operating System512 GB SSD33.78 cm (13.3 Inch) Display1 Year Onsite Warranty
191,ASUS Ryzen 5 Dual Core 10th Gen - (16 GB/512 GB SSD/Windows 11 Home/4 GB Graphics/NVIDIA GeForce RTX 4...,"₹74,617",AMD Ryzen 5 Dual Core Processor (10th Gen)16 GB DDR4 RAMWindows 11 Operating System512 GB SSD39.62 cm (15.6 inch) Display1 Year Manufacturer Warranty
192,HP Pavilion (2023) Intel Core i7 1360P 13th Gen - (16 GB/1 TB SSD/Windows 11 Home) 15-eg3036TU Thin an...,"₹89,790",Intel Core i7 Processor (13th Gen)16 GB DDR4 RAM64 bit Windows 11 Operating System1 TB SSD39.62 cm (15.6 Inch) Display1 Year Onsite Warranty
193,ASUS Vivobook S14 OLED Intel EVO H-Series Core i7 12700H 12th Gen - (16 GB/512 GB SSD/Windows 11 Home)...,"₹84,990",Intel Core i7 Processor (12th Gen)16 GB DDR4 RAMWindows 11 Operating System512 GB SSD35.56 cm (14 inch) DisplayOffice Home and Student 20211 Year Onsite Warranty
194,DELL Core i5 1235U 12th Gen - (8 GB/512 GB SSD/Windows 11 Home/2 GB Graphics) New Inspiron 15 Laptop T...,"₹73,500",Intel Core i5 Processor (12th Gen)8 GB DDR4 RAM64 bit Windows 11 Operating System512 GB SSD39.62 cm (15.6 Inch) Display1 Year Onsite Hardware Service
195,Lenovo ThinkPad E15 Core i5 1135G7 11th Gen - (8 GB/512 GB SSD/Windows 10 Home) E15 Laptop,"₹73,604",Intel Core i5 Processor (11th Gen)8 GB DDR4 RAM64 bit Windows 10 Operating System512 GB SSD39.62 cm (15.6 inch) DisplayMicrosoft Office Home & Student 20191 Year Onsite Warranty
196,Lenovo Yoga Slim 7 Pro Intel Evo Core i5 11320H 11th Gen - (16 GB/512 GB SSD/Windows 11 Home) 14IHU5 T...,"₹69,990",Intel Core i5 Processor (11th Gen)16 GB LPDDR4X RAMWindows 11 Operating System512 GB SSD35.56 cm (14 Inch) Display3 Years Onsite Warranty + 3 Years Premium Care + 1 Year Accidental Damage Protection
197,ASUS Vivobook 15 Core i5 1135G7 11th Gen - (8 GB/512 GB SSD/Windows 11 Home) X515EA-EJ522WS Thin and L...,"₹47,990",Intel Core i5 Processor (11th Gen)8 GB DDR4 RAM64 bit Windows 11 Operating System512 GB SSD39.62 cm (15.6 Inch) Display1 Year Onsite Warranty
198,Lenovo Ideapad Slim 5i Intel Core i5 1135G7 11th Gen - (16 GB/512 GB SSD/Windows 10 Home/2 GB Graphics...,"₹73,999",Intel Core i5 Processor (11th Gen)16 GB DDR4 RAM64 bit Windows 10 Operating System512 GB SSD39.62 cm (15.6 Inch) DisplayMicrosoft Office Home and Student 20191 Year Warranty + 1 Year Premium Care + 1 Year ADP
199,Valve Zen 2 2nd Gen - (16 GB/512 GB SSD/Windows 11 Home/4 GB Graphics) Steam Deck Gaming Console Handh...,"₹69,900",AMD Zen 2 Processor (2nd Gen)16 GB DDR4 RAMWindows 11 Operating System512 GB SSD17.78 cm (7 inch) Touchscreen Display1 Month Seller Warranty
200,"ASUS Vivobook 16X (2023) For Creator, Intel H-Series Core i5 12450H 12th Gen - (16 GB/512 GB SSD/Windo...","₹72,500",Intel Core i5 Processor (12th Gen)16 GB DDR4 RAMWindows 11 Operating System512 GB SSD40.64 cm (16 Inch) Display1 Year Onsite Warranty
201,ASUS Core i5 11th Gen - (8 GB/512 GB SSD/Windows 11 Home/4 GB Graphics/NVIDIA GeForce RTX 4GB NVIDIA G...,"₹72,500",Intel Core i5 Processor (11th Gen)8 GB DDR4 RAMWindows 11 Operating System512 GB SSD43.18 cm (17 inch) Display1 Year Warranty
202,HP Pavilion Ryzen 5 Hexa Core 5625U - (16 GB/512 GB SSD/Windows 11 Home) 14-EC1005AU Thin and Light La...,"₹56,990",AMD Ryzen 5 Hexa Core Processor16 GB DDR4 RAM64 bit Windows 11 Operating System512 GB SSD35.56 cm (14 Inch) DisplayMicrosoft Office Home & Student 20211 Year Onsite Warranty
203,Lenovo Ideapad Gaming 3 AMD Ryzen 5 Hexa Core 5600H - (8 GB/512 GB SSD/Windows 11 Home/4 GB Graphics/N...,"₹53,990",AMD Ryzen 5 Hexa Core Processor8 GB DDR4 RAMWindows 11 Operating System512 GB SSD39.62 cm (15.6 Inch) Display1 Year Onsite warranty
204,ASUS Ryzen 7 Octa Core 7th Gen - (16 GB/1 TB SSD/Windows 11 Home) M3504YA-LK752WS Laptop,"₹72,990",AMD Ryzen 7 Octa Core Processor (7th Gen)16 GB DDR4 RAMWindows 11 Operating System1 TB SSD39.62 cm (15.6 inch) Display1 YEAR INTERNATIONAL
205,DELL Core i5 11260H 11th Gen - (16 GB/512 GB SSD/Windows 11 Home/4 GB Graphics/NVIDIA GeForce RTX 3050...,"₹73,900","Processor: i5-11260H (Base: 2.60 GHz up to 4.40 GHz) 12MB CacheRAM & Storage: 16GB DDR4 (2 DIMM Slots) 512GB SSDGraphics: NVIDIA GEFORCE RTX 3050 (4GB GDDR6) TGP 90WDisplay: 15.6"" FHD WVA AG 250 nits 120Hz Narrow Border, Keyboard & Warranty: Backlit Keyboard Orange & 1 Year Onsite Premium SupportPorts: 1. HiSpeed USB 2.0 | 2. HiSpeed USB 2.0 with PowerShare | 3. USB 3.2 Gen 1 Type-C port with DisplayPort with alt mode | 4. SuperSpeed USB 3.2 | 5. HDMI | 6. Power in | 7. RJ45 | 8. Headphones/micIntel Core i5 Processor (11th Gen)16 GB DDR4 RAM64 bit Windows 11 Operating System512 GB SSD39.62 cm (15.6 inch) DisplayOffice Home and Student 20211 Year Onsite Hardware Service"
206,ASUS Zenbook 14X OLED Ryzen 5 Hexa Core 5600HS - (16 GB/512 GB SSD/Windows 11 Home) UM5401QA-KM541WS T...,"₹69,990",AMD Ryzen 5 Hexa Core Processor16 GB LPDDR4X RAMWindows 11 Operating System512 GB SSD35.56 cm (14 Inch) Display1 Year Onsite Warranty
207,HP Pavilion (2023) Eyesafe Ryzen 5 Hexa Core 5625U - (16 GB/512 GB SSD/Windows 11 Home) 14-EC1019AU Th...,"₹59,337",AMD Ryzen 5 Hexa Core Processor16 GB DDR4 RAM64 bit Windows 11 Operating System512 GB SSD35.56 cm (14 inch) Display1 Year Onsite Warranty
208,ASUS Ryzen 5 Octa Core - (16 GB/512 GB SSD/Windows 11 Home/AMD Radeon) M3500QC-L1501WS Gaming Laptop,"₹72,800",AMD Ryzen 5 Octa Core Processor16 GB DDR4 RAMWindows 11 Operating System512 GB SSD39.62 cm (15.6 inch) Display1 Year Domestic Warranty
209,Lenovo Ideapad Gaming 3 Ryzen 5 Hexa Core AMD R5-5600H - (16 GB/512 GB SSD/Windows 11 Home/4 GB Graphi...,"₹72,990",AMD Ryzen 5 Hexa Core Processor16 GB DDR4 RAM64 bit Windows 11 Operating System512 GB SSD39.62 cm (15.6 inch) DisplayMicrosoft Office Home & Student 20211 Year Onsite�Warranty�+ 1 Year Premium Care + 1 Year Accidental Damage Protection
210,Lenovo ThinkPad E15 Core i5 1135G7 11th Gen - (8 GB/512 GB SSD/Windows 10 Home) E15 Thin and Light Lap...,"₹72,085",Intel Core i5 Processor (11th Gen)8 GB DDR4 RAM64 bit Windows 10 Operating System512 GB SSD39.62 cm (15.6 Inch) DisplayMicrosoft Office Home & Student 20191 Year Onsite Warranty
211,HP Pavilion Intel Core i5 1155G7 11th Gen - (16 GB/512 GB SSD/Windows 11 Home) 14-dv1002TU Thin and Li...,"₹72,900",Intel Core i5 Processor (11th Gen)16 GB DDR4 RAM64 bit Windows 11 Operating System512 GB SSD35.56 cm (14 inch) DisplayMicrosoft Office Home & Student 20191 Year onsite Warranty
212,Lenovo Ryzen 3 Quad Core 7320U - (8 GB/512 GB SSD/Windows 11 Home) 15AMN7 Thin and Light Laptop,"₹38,394",AMD Ryzen 3 Quad Core Processor8 GB LPDDR5 RAMWindows 11 Operating System512 GB SSD39.62 cm (15.6 inch) Display1 Year Onsite warranty
213,HP Pavilion Aero (2023) Ryzen 7 Octa Core 7735U - (16 GB/1 TB SSD/Windows 11 Home) 13-BE2048AU Thin an...,"₹78,990",AMD Ryzen 7 Octa Core Processor16 GB LPDDR5 RAMWindows 11 Operating System1 TB SSD33.78 cm (13.3 Inch) Display1 Year Onsite Warranty
214,HP Pavilion Ryzen 5 Hexa Core AMD R5-5600H - (8 GB/512 GB SSD/Windows 11 Home/4 GB Graphics/NVIDIA GeF...,"₹74,999",AMD Ryzen 5 Hexa Core Processor8 GB DDR4 RAM64 bit Windows 11 Operating System512 GB SSD39.62 cm (15.6 inch) DisplayMicrosoft Office Home & Student 20191 Year Onsite Warranty
215,Lenovo Ideapad 5 Core i7 1065G7 11th Gen - (16 GB/512 GB SSD/Windows 11 Home/2 GB Graphics) Ideapad 5 ...,"₹74,888",Intel Core i7 Processor (11th Gen)16 GB DDR4 RAM64 bit Windows 11 Operating System512 GB SSD39.62 cm (15.6 inch) DisplayMicrosoft Office Home and Student 20211 Year Onsite Warranty with ADP
216,SOFTSPUN Microfiber Vehicle Washing  Cloth,₹229,Material:MicrofiberColor: GreyLength x Width : 40 cm x 30 cmPack of 4
217,"H K GROUP Liquid Car Polish for Dashboard, Metal Parts, Exterior, Windscreen, Headlight",₹295,"Quantity: 300 mlSuitable For: Dashboard, Metal Parts, Exterior, Windscreen, HeadlightForm Factor: LiquidUsed For: Car, Bike, Car & Bike, HomeUsage Instructions: Shake well before Use"
218,"ASUS Vivobook Pro 15 For Creator, Ryzen 5 Hexa Core 5600HS - (16 GB/512 GB SSD/Windows 11 Home/4 GB Gr...","₹65,990",AMD Ryzen 5 Hexa Core Processor16 GB DDR4 RAMWindows 11 Operating System512 GB SSD39.62 cm (15.6 Inch) Display1 Year Onsite Warranty
219,HP Victus Ryzen 5 Hexa Core 5600H - (16 GB/512 GB SSD/Windows 11 Home/4 GB Graphics/NVIDIA GeForce RTX...,"₹65,990",AMD Ryzen 5 Hexa Core Processor16 GB DDR4 RAMWindows 11 Operating System512 GB SSD39.62 cm (15.6 Inch) Display1 Year Onsite Warranty
220,ASUS Vivobook S 14 Intel EVO H-Series Core i5 12500H 12th Gen - (8 GB/512 GB SSD/Windows 11 Home) S340...,"₹65,990",Intel Core i5 Processor (12th Gen)8 GB DDR4 RAMWindows 11 Operating System512 GB SSD35.56 cm (14 inch) Display1 Year Onsite Warranty
221,ASUS Zenbook 14X OLED Ryzen 5 Hexa Core 5600HS - (16 GB/512 GB SSD/Windows 11 Home) UM5401QA-KM541WS T...,"₹69,990",AMD Ryzen 5 Hexa Core Processor16 GB LPDDR4X RAMWindows 11 Operating System512 GB SSD35.56 cm (14 Inch) Display1 Year Onsite Warranty
222,ASUS ROG Strix G17 (2023) with 90WHr Battery Ryzen 9 12 Core 7845HX - (16 GB/1 TB SSD/Windows 11 Home/...,"₹1,59,990",AMD Ryzen 9 12 Core Processor16 GB DDR5 RAMWindows 11 Operating System1 TB SSD43.94 cm (17.3 Inch) Display1 Year Onsite Warranty
223,TECHFIRE Fire 500v2 Neckband hi-bass Wireless Bluetooth headphone Bluetooth Headset,₹499,With Mic:YesBluetooth version: 5.0Wireless range: 10 mBattery life: 40 hr | Charging time: 2 hr7 days replacement  Warranty.
224,ASUS Vivobook S 14 Intel EVO H-Series Core i5 12500H 12th Gen - (8 GB/512 GB SSD/Windows 11 Home) S340...,"₹65,990",Intel Core i5 Processor (12th Gen)8 GB DDR4 RAMWindows 11 Operating System512 GB SSD35.56 cm (14 Inch) Display1 Year Onsite Warranty
225,ASUS Vivobook 15X (2023) Core i5 1315U 13th Gen - (16 GB/512 GB SSD/Windows 11 Home) K3504VAB-NJ541WS ...,"₹65,990",Intel Core i5 Processor (13th Gen)16 GB DDR4 RAMWindows 11 Operating System512 GB SSD39.62 cm (15.6 Inch) Display1 Year Onsite Warranty
226,HP Spectre Eyesafe Intel Evo Core i7 12700H 12th Gen - (16 GB/512 GB SSD/Windows 11 Home) 16-f1003TU T...,"₹1,39,990",Intel Core i7 Processor (12th Gen)16 GB LPDDR4X RAM64 bit Windows 11 Operating System512 GB SSD40.64 cm (16 Inch) Touchscreen Display1 Year Onsite Warranty
227,HP Spectre x360 (2023) OLED Eyesafe Intel Evo Core i7 1355U 13th Gen - (16 GB/1 TB SSD/Windows 11 Home...,"₹1,38,990",Intel Core i7 Processor (13th Gen)16 GB LPDDR4X RAM64 bit Windows 11 Operating System1 TB SSD34.29 cm (13.5 Inch) Touchscreen Display1 Year Onsite Warranty
228,ASUS TUF Gaming F15 with 90WHr Battery Core i5 11400H 11th Gen - (16 GB/512 GB SSD/Windows 11 Home/4 G...,"₹66,990",Intel Core i5 Processor (11th Gen)16 GB DDR4 RAMWindows 11 Operating System512 GB SSD39.62 cm (15.6 Inch) Display1 Year Onsite Warranty
229,DELL Core i5 1235U 12th Gen - (8 GB/512 GB SSD/Windows 11 Home) New Inspiron 15 Laptop Thin and Light ...,"₹55,990","Processor: Intel i5-1235U (Base- 3.30 GHz & Turbo up to 4.40 GHz) 10 CoresRAM & Storage: 8GB DDR4 & 512GB SSDGraphics & Keyboard: Integrated & Standard KeyboardDisplay: 15.6"" FHD WVA AG 120Hz 250 nits Narrow BorderIntel Core i5 Processor (12th Gen)8 GB DDR4 RAM64 bit Windows 11 Operating System512 GB SSD38.0 cm (14.96 inch) Display1 Year Onsite Hardware Service"
230,HP 14s Intel Core i5 1235U 12th Gen - (16 GB/512 GB SSD/Windows 11 Home) 14s - dy5005TU Thin and Light...,"₹60,891",Intel Core i5 Processor (12th Gen)16 GB DDR4 RAM64 bit Windows 11 Operating System512 GB SSD35.56 cm (14 inch) DisplayMicrosoft Office Home & Student 20211 Year Onsite Warranty
231,SAMSUNG Galaxy Book 2 Core i5 1235U 12th Gen - (8 GB/512 GB SSD/Windows 11 Home) NP550 Thin and Light ...,"₹57,990",Intel Core i5 Processor (12th Gen)8 GB DDR4 RAMWindows 11 Operating System512 GB SSD39.62 cm (15.6 Inch) Display1 Year Onsite Warranty
232,ASUS Zenbook 14X OLED Space Edition Touchscreen Intel H-Series Core i5 12500H 12th Gen - (16 GB/512 GB...,"₹1,35,800",Intel Core i5 Processor (12th Gen)16 GB LPDDR5 RAMWindows 11 Operating System512 GB SSD35.56 cm (14 inch) Touchscreen DisplayMicrosoft Office Home & Student 20211 Year Onsite Warranty
233,ASUS TUF Gaming A16 Advantage Edition (2023) with 90WHr Battery Ryzen 9 Octa Core 7940HS - (16 GB/1 TB...,"₹1,39,990",AMD Ryzen 9 Octa Core Processor16 GB DDR5 RAMWindows 11 Operating System1 TB SSD40.64 cm (16 Inch) Display1 Year Onsite Warranty
234,ASUS Vivobook Pro 15 OLED For Creator Ryzen 5 Hexa Core 5600HS - (16 GB/512 GB SSD/Windows 11 Home/4 G...,"₹69,990",AMD Ryzen 5 Hexa Core Processor16 GB DDR4 RAMWindows 11 Operating System512 GB SSD39.62 cm (15.6 Inch) Display1 Year Onsite Warranty
235,HP 15s (2023) Intel Core i5 1335U 13th Gen - (8 GB/1 TB SSD/Windows 11 Home) 15-fd0012TU Thin and Ligh...,"₹67,990",Intel Core i5 Processor (13th Gen)8 GB DDR4 RAM64 bit Windows 11 Operating System1 TB SSD39.62 cm (15.6 Inch) Display1 Year Onsite Warranty
236,HP Spectre Eyesafe Intel Evo Core i7 1255U 12th Gen - (16 GB/512 GB SSD/Windows 11 Home) ef0053TU Note...,"₹1,30,990",Intel Core i7 Processor (12th Gen)16 GB LPDDR4X RAM64 bit Windows 11 Operating System512 GB SSD34.29 cm (13.5 inch) Display1 Year Onsite Warranty
237,ASUS TUF Gaming A15 (2023) with 90WHr Battery Ryzen 9 Octa Core 7940HS - (16 GB/1 TB SSD/Windows 11 Ho...,"₹1,31,990",AMD Ryzen 9 Octa Core Processor16 GB DDR4 RAMWindows 11 Operating System1 TB SSD39.62 cm (15.6 Inch) Display1 Year Onsite Warranty
238,HP Core i5 1335U 13th Gen - (8 GB/512 GB SSD/Windows 11 Home) 15-fd0021TU Thin and Light Laptop,"₹63,990",Intel Core i5 Processor (13th Gen)8 GB DDR4 RAM64 bit Windows 11 Operating System512 GB SSD39.62 cm (15.6 Inch) Display1 Year Onsite Warranty
239,HP Victus Ryzen 5 Octa Core 5600H - (16 GB/512 GB SSD/Windows 11 Home/4 GB Graphics/AMD Radeon RX 6500...,"₹59,990",AMD Ryzen 5 Octa Core Processor16 GB DDR4 RAMWindows 11 Operating System512 GB SSD39.62 cm (15.6 Inch) Display1 Year Onsite Warranty
